Niche,Business Name,Phone,Secondary Phone,Address,City,State,Zip Code,Hours,Review Count,Rating,GMB Link,Website,Facebook,Instagram,Data Source,Date Added,Lead Score,Pitch Notes,Additional Notes,Status,Caller Notes
food,WestGate Halal Meat & Deli/ Mediterranean foods,(780) 444-8997,,9550 163 St NW,Edmonton,AB,T5P 3M7,"Saturday, 9 a.m. to 8 p.m., Copy open hours",382,4.3,https://www.google.com/maps/place/WestGate+Halal+Meat+%26+Deli%2F+Mediterranean+foods/data=!4m7!3m6!1s0x53a021008bc58911:0xaefee4d4b3898274!8m2!3d53.532961!4d-113.603779!16s%2Fg%2F1tl7nddv!19sChIJEYnFiwAhoFMRdIKJs9Tk_q4?authuser=0&hl=en&rclk=1,,,,Google Maps,2026-03-08,31,"Hi WestGate Halal Meat & Deli/ Mediterranean foods, I help local businesses in Edmonton build a stronger online presence to attract more customers. I came across your listing and thought you might benefit from what we offer. Would you be open to a quick 10-minute call this week?",,new,
food,Elsafadi Mediterranean Supermarket,(780) 475-4909,,11316 134 Ave NW,Edmonton,AB,T5E 1K5,"Saturday, 10 a.m. to 9 p.m., Copy open hours",1207,4.4,https://www.google.com/maps/place/Elsafadi+Mediterranean+Supermarket/data=!4m7!3m6!1s0x53a0238071c27dff:0xf2656f87719337f9!8m2!3d53.5952258!4d-113.5158828!16s%2Fg%2F1tdzfp89!19sChIJ_33CcYAjoFMR-TeTcYdvZfI?authuser=0&hl=en&rclk=1,,,,Google Maps,2026-03-08,31,"Hi Elsafadi Mediterranean Supermarket, I help local businesses in Edmonton build a stronger online presence to attract more customers. I came across your listing and thought you might benefit from what we offer. Would you be open to a quick 10-minute call this week?",,new,
food,Country Cookin,(780) 486-3009,,10915 156 St NW,Edmonton,AB,T5P 2S7,"Saturday, 6 a.m. to 3 p.m., Copy open hours",246,4.5,https://www.google.com/maps/place/Country+Cookin/data=!4m7!3m6!1s0x53a021152b91edeb:0x69004a377ef081ac!8m2!3d53.5547779!4d-113.5898295!16s%2Fg%2F1v2f05qn!19sChIJ6-2RKxUhoFMRrIHwfjdKAGk?authuser=0&hl=en&rclk=1,,,,Google Maps,2026-03-08,29,"Hi Country Cookin, I help local businesses in Edmonton build a stronger online presence to attract more customers. I came across your listing and thought you might benefit from what we offer. Would you be open to a quick 10-minute call this week?",,new,
food,Glenora Food Mart & Postal Outlet,(780) 454-5793,,14035 105 Ave NW,Edmonton,AB,T5N 0Z1,"Saturday, 9 a.m. to 10 p.m., Copy open hours",123,4.0,https://www.google.com/maps/place/Glenora+Food+Mart+%26+Postal+Outlet/data=!4m7!3m6!1s0x53a0217a701e6cd3:0x77f718ef1ec9e895!8m2!3d53.5475441!4d-113.5653398!16s%2Fg%2F1tfkkw0m!19sChIJ02wecHohoFMRlejJHu8Y93c?authuser=0&hl=en&rclk=1,,,,Google Maps,2026-03-08,29,"Hi Glenora Food Mart & Postal Outlet, I help local businesses in Edmonton build a stronger online presence to attract more customers. I came across your listing and thought you might benefit from what we offer. Would you be open to a quick 10-minute call this week?",,new,
food,The Grillcraft Co.,(780) 244-1842,,10460 Whyte Ave NW,Edmonton,AB,T6E 2A2,"Saturday, 12 p.m. to 3 a.m., Copy open hours",371,4.8,https://www.google.com/maps/place/The+Grillcraft+Co./data=!4m7!3m6!1s0x53a0235f8ce434b9:0x780c0fcd57afc732!8m2!3d53.51823!4d-113.4998788!16s%2Fg%2F11vwhmlyyw!19sChIJuTTkjF8joFMRMsevV80PDHg?authuser=0&hl=en&rclk=1,,,,Google Maps,2026-03-08,27,"Hi The Grillcraft Co., I help local businesses in Edmonton build a stronger online presence to attract more customers. I came across your listing and thought you might benefit from what we offer. Would you be open to a quick 10-minute call this week?",,new,
food,Donna's Eatery,(780) 429-8894,,21516 115 Ave NW,Edmonton,AB,T5S 2Y3,"Saturday, 8 a.m. to 9 p.m., Copy open hours",2499,4.7,https://www.google.com/maps/place/Donna%27s+Eatery/data=!4m7!3m6!1s0x53a0274e86131bc5:0x341ef992848f5840!8m2!3d53.566193!4d-113.6898009!16s%2Fg%2F1thpwj7x!19sChIJxRsThk4noFMRQFiPhJL5HjQ?authuser=0&hl=en&rclk=1,,,,Google Maps,2026-03-08,27,"Hi Donna's Eatery, I help local businesses in Edmonton build a stronger online presence to attract more customers. I came across your listing and thought you might benefit from what we offer. Would you be open to a quick 10-minute call this week?",,new,
food,Royal Restaurant,(587) 523-6364,,11810 87 St NW,Edmonton,AB,T5B 3M9,"Saturday, 1 to 8 p.m., Copy open hours",496,4.9,https://www.google.com/maps/place/Royal+Restaurant/data=!4m7!3m6!1s0x53a023265c48bd01:0x75a84fa3a8af312a!8m2!3d53.570675!4d-113.4745851!16s%2Fg%2F11k3fzw2v6!19sChIJAb1IXCYjoFMRKjGvqKNPqHU?authuser=0&hl=en&rclk=1,,,,Google Maps,2026-03-08,27,"Hi Royal Restaurant, I help local businesses in Edmonton build a stronger online presence to attract more customers. I came across your listing and thought you might benefit from what we offer. Would you be open to a quick 10-minute call this week?",,new,
food,Hathaway’s Diner - Downtown Edmonton,(866) 496-8056,,10151 124 St,Edmonton,AB,T5N 1P5,"Saturday, 8 a.m. to 3 p.m., Copy open hours",151,4.7,https://www.google.com/maps/place/Hathaway%E2%80%99s+Diner+-+Downtown+Edmonton/data=!4m7!3m6!1s0x53a023001d7fb9e3:0xfe0390c352e0d3fb!8m2!3d53.54284!4d-113.5356801!16s%2Fg%2F11ysh0nz14!19sChIJ47l_HQAjoFMR-9PgUsOQA_4?authuser=0&hl=en&rclk=1,,,,Google Maps,2026-03-08,25,"Hi Hathaway’s Diner - Downtown Edmonton, I help local businesses in Edmonton build a stronger online presence to attract more customers. I came across your listing and thought you might benefit from what we offer. Would you be open to a quick 10-minute call this week?",,new,
food,Lunchbox Diner,(780) 451-1098,,14413 115 Ave NW,Edmonton,AB,T5M 3B9,"Saturday, Closed, Copy open hours",209,4.7,https://www.google.com/maps/place/Lunchbox+Diner/data=!4m7!3m6!1s0x53a0215e9a88bc05:0x1f820cb9e66613e!8m2!3d53.5650259!4d-113.5699922!16s%2Fg%2F1tcyx2zf!19sChIJBbyIml4hoFMRPmFmnssg-AE?authuser=0&hl=en&rclk=1,,,,Google Maps,2026-03-08,25,"Hi Lunchbox Diner, I help local businesses in Edmonton build a stronger online presence to attract more customers. I came across your listing and thought you might benefit from what we offer. Would you be open to a quick 10-minute call this week?",,new,
food,United grocers supermarket,(780) 425-8552,,9516 102 Ave NW,Edmonton,AB,T5H 0E3,"Saturday, 9 a.m. to 6 p.m., Copy open hours",64,3.5,https://www.google.com/maps/place/United+grocers+supermarket/data=!4m7!3m6!1s0x53a0225a727e2d3b:0x8620d249ab4de6b2!8m2!3d53.5452195!4d-113.479961!16s%2Fg%2F11b6j98fh0!19sChIJOy1-cloioFMRsuZNq0nSIIY?authuser=0&hl=en&rclk=1,,,,Google Maps,2026-03-08,24,"Hi United grocers supermarket, I help local businesses in Edmonton build a stronger online presence to attract more customers. I came across your listing and thought you might benefit from what we offer. Would you be open to a quick 10-minute call this week?",,new,
food,Mother Hubbard Food Stuff Ltd,(780) 466-5442,,7923 106 Ave NW,Edmonton,AB,T6A 1H7,"Saturday, 9 a.m. to 9 p.m., Copy open hours",64,3.8,https://www.google.com/maps/place/Mother+Hubbard+Food+Stuff+Ltd/data=!4m7!3m6!1s0x53a022efca56c213:0xbc73bbe5b2c8baf!8m2!3d53.5490641!4d-113.45036!16s%2Fg%2F1tkc1s_f!19sChIJE8JWyu8ioFMRr4ssW747xws?authuser=0&hl=en&rclk=1,,,,Google Maps,2026-03-08,24,"Hi Mother Hubbard Food Stuff Ltd, I help local businesses in Edmonton build a stronger online presence to attract more customers. I came across your listing and thought you might benefit from what we offer. Would you be open to a quick 10-minute call this week?",,new,
food,Yanta Food Market,(780) 454-6105,,11449 124 St,Edmonton,AB,T5M 0K4,"Saturday, 9 a.m. to 11 p.m., Copy open hours",34,3.5,https://www.google.com/maps/place/Yanta+Food+Market/data=!4m7!3m6!1s0x53a023c3b81ca195:0x1f84036f07282cc2!8m2!3d53.5651247!4d-113.5356716!16s%2Fg%2F11h05mbjl!19sChIJlaEcuMMjoFMRwiwoB28DhB8?authuser=0&hl=en&rclk=1,,,,Google Maps,2026-03-08,24,"Hi Yanta Food Market, I help local businesses in Edmonton build a stronger online presence to attract more customers. I came across your listing and thought you might benefit from what we offer. Would you be open to a quick 10-minute call this week?",,new,
food,SUGBA by Food-D'Licious,(780) 452-1979,,8170 50 St NW #145,Edmonton,AB,T6B 1E6,"Saturday, 11 a.m. to 8 p.m., Copy open hours",74,4.4,https://www.google.com/maps/place/SUGBA+by+Food-D%27Licious/data=!4m7!3m6!1s0x53a019bf7cb9dc19:0x32614e1d256cf5fe!8m2!3d53.5164466!4d-113.4201533!16s%2Fg%2F11x7qtm1ls!19sChIJGdy5fL8ZoFMR_vVsJR1OYTI?authuser=0&hl=en&rclk=1,,,,Google Maps,2026-03-08,19,"Hi SUGBA by Food-D'Licious, I help local businesses in Edmonton build a stronger online presence to attract more customers. I came across your listing and thought you might benefit from what we offer. Would you be open to a quick 10-minute call this week?",,new,
food,Spice Island Edmonton,(780) 489-2738,,10058 163 St NW,Edmonton,AB,T5P 3N4,"Saturday, 10 a.m. to 7 p.m., Copy open hours",88,4.1,https://www.google.com/maps/place/Spice+Island+Edmonton/data=!4m7!3m6!1s0x53a021b556dc16d1:0x84caaf07fb6e3677!8m2!3d53.540644!4d-113.6035425!16s%2Fg%2F11rdy_lz62!19sChIJ0RbcVrUhoFMRdzZu-wevyoQ?authuser=0&hl=en&rclk=1,,,,Google Maps,2026-03-08,19,"Hi Spice Island Edmonton, I help local businesses in Edmonton build a stronger online presence to attract more customers. I came across your listing and thought you might benefit from what we offer. Would you be open to a quick 10-minute call this week?",,new,
food,Stadium Foods,(780) 477-1032,,11115 95 St,Edmonton,AB,T5G 1K7,"Saturday, 8:30 a.m. to 10 p.m., Copy open hours",88,4.4,https://www.google.com/maps/place/Stadium+Foods/data=!4m7!3m6!1s0x53a023aa32d81c31:0x29e3bcbe71a85733!8m2!3d53.5608036!4d-113.4866993!16s%2Fg%2F11b7cjxj1_!19sChIJMRzYMqojoFMRM1eocb684yk?authuser=0&hl=en&rclk=1,,,,Google Maps,2026-03-08,19,"Hi Stadium Foods, I help local businesses in Edmonton build a stronger online presence to attract more customers. I came across your listing and thought you might benefit from what we offer. Would you be open to a quick 10-minute call this week?",,new,
Auto Detailing,CarShine Auto Detailing Downtown Vancouver,(778) 403-4870,,560 Cambie St.,Vancouver,BC,,,,5.0,https://www.google.com/maps/place/CarShine+Auto+Detailing+Downtown+Vancouver/data=!4m7!3m6!1s0x5486713f6ef04d6f:0x62ae9c7d9fa509fe!8m2!3d49.28095!4d-123.1114804!16s%2Fg%2F11ywbvd_zj!19sChIJb03wbj9xhlQR_gmln32crmI?authuser=0&hl=en&rclk=1,https://carshineauto.ca/Downtown-Vancouver,,,Google Maps,2026-03-03,19,"Hi CarShine Auto Detailing Downtown Vancouver, I help auto detailing businesses in Vancouver get more consistent bookings by showing up where car owners are already searching. With 0 reviews, I think we could significantly grow your client base. Worth a quick 10-minute call?",,new,
Auto Detailing,M & J Car Wash,(604) 732-0009,,1521 W 4th Ave,Vancouver,BC,,"Monday, 8:30 a.m. to 5 p.m., Copy open hours",584,3.7,https://www.google.com/maps/place/M+%26+J+Car+Wash/data=!4m7!3m6!1s0x548673c9f786ed93:0x77ed18d3096c5eb3!8m2!3d49.2681243!4d-123.1393032!16s%2Fg%2F11b5wlwxvw!19sChIJk-2G98lzhlQRs15sCdMY7Xc?authuser=0&hl=en&rclk=1,https://www.mjcarwash.com/,,,Google Maps,2026-03-03,14,"Hi M & J Car Wash, I help auto detailing businesses in Vancouver get more consistent bookings by showing up where car owners are already searching. With 584 reviews, I think we could significantly grow your client base. Worth a quick 10-minute call?",,new,
Auto Detailing,Shine Auto Wash Vancouver,(604) 806-0800,,796 Terminal Ave,Vancouver,BC,,"Monday, Open 24 hours, Copy open hours",1833,3.8,https://www.google.com/maps/place/Shine+Auto+Wash+Vancouver/data=!4m7!3m6!1s0x54867142bfd90899:0xe17118f16c8dd207!8m2!3d49.270266!4d-123.0866198!16s%2Fg%2F1td7m_q1!19sChIJmQjZv0JxhlQRB9KNbPEYceE?authuser=0&hl=en&rclk=1,https://www.shineautowash.ca/,,,Google Maps,2026-03-03,14,"Hi Shine Auto Wash Vancouver, I help auto detailing businesses in Vancouver get more consistent bookings by showing up where car owners are already searching. With 1833 reviews, I think we could significantly grow your client base. Worth a quick 10-minute call?",,new,
food,Village Foods,(780) 220-1622,,10709 47 Ave NW,Edmonton,AB,T6H 5J2,"Saturday, 9:30 a.m. to 9 p.m., Copy open hours",19,4.2,https://www.google.com/maps/place/Village+Foods/data=!4m7!3m6!1s0x53a01f9f0399dd61:0xfbd9fe5e25133776!8m2!3d53.4842728!4d-113.5091483!16s%2Fg%2F11l1db9hfh!19sChIJYd2ZA58foFMRdjcTJV7-2fs?authuser=0&hl=en&rclk=1,,,,Google Maps,2026-03-08,14,"Hi Village Foods, I help local businesses in Edmonton build a stronger online presence to attract more customers. I came across your listing and thought you might benefit from what we offer. Would you be open to a quick 10-minute call this week?",,new,
food,ETHIOPIAN FOOD STORE / Kwiki Mart,(780) 415-5276,,11003 107 Ave NW,Edmonton,AB,T5H 3E1,"Saturday, 9 a.m. to 10 p.m., Copy open hours",22,4.0,https://www.google.com/maps/place/ETHIOPIAN+FOOD+STORE+%2F+Kwiki+Mart/data=!4m7!3m6!1s0x53a023b5518ac413:0xbb80a8c8395e21af!8m2!3d53.5512698!4d-113.5106023!16s%2Fg%2F11b6v81ybq!19sChIJE8SKUbUjoFMRryFeOciogLs?authuser=0&hl=en&rclk=1,,,,Google Maps,2026-03-08,14,"Hi ETHIOPIAN FOOD STORE / Kwiki Mart, I help local businesses in Edmonton build a stronger online presence to attract more customers. I came across your listing and thought you might benefit from what we offer. Would you be open to a quick 10-minute call this week?",,new,
detailing,Lux Detail Co. - Mobile Car Cleaning,(587) 566-2027,,9946 159 St NW,Edmonton,AB,,"Monday, 8 a.m. to 8 p.m., Copy open hours",2,5.0,https://www.google.com/maps/place/Lux+Detail+Co.+-+Mobile+Car+Cleaning/data=!4m7!3m6!1s0x53a021bb289e5cd5:0x87d1fe0656cd803!8m2!3d53.538871!4d-113.5959985!16s%2Fg%2F11zjlrzr99!19sChIJ1VyeKLshoFMRA9hsZeAffQg?authuser=0&hl=en&rclk=1,,,,Google Maps,2026-03-03,13,"Hi Lux Detail Co. - Mobile Car Cleaning, I help auto detailing businesses in edmonton get more consistent bookings by showing up where car owners are already searching. With 2 reviews, I think we could significantly grow your client base. Worth a quick 10-minute call?",,new,
detailing,Shine and Gloss Auto Detailing,(780) 710-2612,,8808 165 St NW,Edmonton,AB,,"Monday, Open 24 hours, Copy open hours",8,5.0,https://www.google.com/maps/place/Shine+and+Gloss+Auto+Detailing/data=!4m7!3m6!1s0x53a021b207fb750f:0x1b246b6243d2b7af!8m2!3d53.5244097!4d-113.6089765!16s%2Fg%2F11y6293svs!19sChIJD3X7B7IhoFMRr7fSQ2JrJBs?authuser=0&hl=en&rclk=1,,,,Google Maps,2026-03-03,13,"Hi Shine and Gloss Auto Detailing, I help auto detailing businesses in edmonton get more consistent bookings by showing up where car owners are already searching. With 8 reviews, I think we could significantly grow your client base. Worth a quick 10-minute call?",,new,
Auto Detailing,BC1 Auto Detailing,(604) 559-8863,,8812 Laurel St #110 Vancouver,BC V6P 3V8,British Columbia,,"Monday, 9:30 a.m. to 5 p.m., Copy open hours",43,4.7,https://www.google.com/maps/place/BC1+Auto+Detailing/data=!4m7!3m6!1s0x548674ee299d6c8d:0x821b7c866589c6b5!8m2!3d49.2056708!4d-123.1247063!16s%2Fg%2F11g6qh76t9!19sChIJjWydKe50hlQRtcaJZYZ8G4I?authuser=0&hl=en&rclk=1,http://www.bc1autodetailing.com/,,,Google Maps,2026-03-03,12,"Hi BC1 Auto Detailing, I help auto detailing businesses in Vancouver get more consistent bookings by showing up where car owners are already searching. With 43 reviews, I think we could significantly grow your client base. Worth a quick 10-minute call?",,new,
Auto Detailing,Ace Car Spa | Car Detailing,(604) 265-8051,,1128 W Georgia St P1,Vancouver,BC,,"Monday, 9 a.m. to 5 p.m., Copy open hours",46,5.0,https://www.google.com/maps/place/Ace+Car+Spa+%7C+Car+Detailing/data=!4m7!3m6!1s0x5486712038efb341:0x7cc52e14d31c236c!8m2!3d49.2857324!4d-123.1235242!16s%2Fg%2F11s1w8d2tb!19sChIJQbPvOCBxhlQRbCMc0xQuxXw?authuser=0&hl=en&rclk=1,https://acecarspa.com/vancouver/hyatt-alberni?utm_source=google&utm_medium=organic&utm_campaign=gbp-hv-website-link,,,Google Maps,2026-03-03,12,"Hi Ace Car Spa | Car Detailing, I help auto detailing businesses in Vancouver get more consistent bookings by showing up where car owners are already searching. With 46 reviews, I think we could significantly grow your client base. Worth a quick 10-minute call?",,new,
Auto Detailing,Royal Mobile Auto Detailing LTD,(604) 445-4575,,1028 Barclay St,Vancouver,BC,,"Monday, 7 a.m. to 7 p.m., Copy open hours",89,4.9,https://www.google.com/maps/place/Royal+Mobile+Auto+Detailing+LTD/data=!4m7!3m6!1s0x548673d548dca6bd:0x5149837e0f765f09!8m2!3d49.282037!4d-123.1259127!16s%2Fg%2F11c72n33_m!19sChIJvabcSNVzhlQRCV92D36DSVE?authuser=0&hl=en&rclk=1,http://www.bcrmad.com/,,,Google Maps,2026-03-03,10,"Hi Royal Mobile Auto Detailing LTD, I help auto detailing businesses in Vancouver get more consistent bookings by showing up where car owners are already searching. With 89 reviews, I think we could significantly grow your client base. Worth a quick 10-minute call?",,new,
Auto Detailing,Swift Auto Lab - Mobile Car Detailing,(604) 900-6833,,1435 Cedar Cottage Mews,Vancouver,BC,,"Monday, Closed, Copy open hours",58,4.9,https://www.google.com/maps/place/Swift+Auto+Lab+-+Mobile+Car+Detailing/data=!4m7!3m6!1s0x548675304993643b:0xa25bc094cd66899!8m2!3d49.2494012!4d-123.0751294!16s%2Fg%2F11v_805f91!19sChIJO2STSTB1hlQRmWjWTAm8JQo?authuser=0&hl=en&rclk=1,https://linktr.ee/swiftautolab,,,Google Maps,2026-03-03,10,"Hi Swift Auto Lab - Mobile Car Detailing, I help auto detailing businesses in Vancouver get more consistent bookings by showing up where car owners are already searching. With 58 reviews, I think we could significantly grow your client base. Worth a quick 10-minute call?",,new,
Auto Detailing,Shiny Mobile Car Detailing & Mobile Car Wash - Auto Spa,(604) 755-1680,,415 W Cordova St #210,Vancouver,BC,,"Monday, 9 a.m. to 6 p.m., Copy open hours",290,4.6,https://www.google.com/maps/place/Shiny+Mobile+Car+Detailing+%26+Mobile+Car+Wash+-+Auto+Spa/data=!4m7!3m6!1s0x54867102c9d1ff19:0xc52342d65169310f!8m2!3d49.2844088!4d-123.1102146!16s%2Fg%2F11j23nf1lx!19sChIJGf_RyQJxhlQRDzFpUdZCI8U?authuser=0&hl=en&rclk=1,https://www.shiny.ca/?utm_source=google&utm_medium=local,,,Google Maps,2026-03-03,10,"Hi Shiny Mobile Car Detailing & Mobile Car Wash - Auto Spa, I help auto detailing businesses in Vancouver get more consistent bookings by showing up where car owners are already searching. With 290 reviews, I think we could significantly grow your client base. Worth a quick 10-minute call?",,new,
Auto Detailing,BClean Mobile Car Detailing,(778) 251-9985,,2107 W 16th Ave,Vancouver,BC,,Closed · Opens 8 a.m. Tue · See more hours,119,4.8,https://www.google.com/maps/place/BClean+Mobile+Car+Detailing/data=!4m7!3m6!1s0x548673e78a5b30b3:0x2796301ec11e44a7!8m2!3d49.257426!4d-123.1536947!16s%2Fg%2F11vk8ntmyk!19sChIJszBbiudzhlQRp0QewR4wlic?authuser=0&hl=en&rclk=1,https://www.bcleandetail.ca/,,,Google Maps,2026-03-03,10,"Hi BClean Mobile Car Detailing, I help auto detailing businesses in Vancouver get more consistent bookings by showing up where car owners are already searching. With 119 reviews, I think we could significantly grow your client base. Worth a quick 10-minute call?",,new,
Auto Detailing,Deluxe Shine Detailing,(778) 951-5126,,8123 Main St,Vancouver,BC,,"Monday, 9 a.m. to 8 p.m., Copy open hours",113,5.0,https://www.google.com/maps/place/Deluxe+Shine+Detailing/data=!4m7!3m6!1s0x8daafd8af9b8b417:0xa4b6c495514fe18c!8m2!3d49.2122036!4d-123.1025081!16s%2Fg%2F11jym5k7zs!19sChIJF7S4-Yr9qo0RjOFPUZXEtqQ?authuser=0&hl=en&rclk=1,https://deluxeshine.ca/,,,Google Maps,2026-03-03,10,"Hi Deluxe Shine Detailing, I help auto detailing businesses in Vancouver get more consistent bookings by showing up where car owners are already searching. With 113 reviews, I think we could significantly grow your client base. Worth a quick 10-minute call?",,new,
Auto Detailing,Sapphire Shine Mobile Detailing,(604) 404-2663,,1255 Bidwell St #2704,Vancouver,BC,,"Monday, 9 a.m. to 6 p.m., Copy open hours",134,5.0,https://www.google.com/maps/place/Sapphire+Shine+Mobile+Detailing/data=!4m7!3m6!1s0x6ed1857cff13f253:0x6b0ab1a944806991!8m2!3d49.2861297!4d-123.1414996!16s%2Fg%2F11tfmv8lw0!19sChIJU_IT_3yF0W4RkWmARKmxCms?authuser=0&hl=en&rclk=1,http://sapphireshine.ca/,,,Google Maps,2026-03-03,10,"Hi Sapphire Shine Mobile Detailing, I help auto detailing businesses in Vancouver get more consistent bookings by showing up where car owners are already searching. With 134 reviews, I think we could significantly grow your client base. Worth a quick 10-minute call?",,new,
Auto Detailing,Livingstar Auto Detailing,(778) 847-0991,,1248 Seymour St,Vancouver,BC,,"Monday, 9:30 a.m. to 5:30 p.m., Copy open hours",116,4.6,https://www.google.com/maps/place/Livingstar+Auto+Detailing/data=!4m7!3m6!1s0x548673d1551a496f:0x90c31aaf7b092809!8m2!3d49.2756191!4d-123.1263546!16s%2Fg%2F1pp2wzt43!19sChIJb0kaVdFzhlQRCSgJe68aw5A?authuser=0&hl=en&rclk=1,http://www.livingstarautodetail.ca/,,,Google Maps,2026-03-03,10,"Hi Livingstar Auto Detailing, I help auto detailing businesses in Vancouver get more consistent bookings by showing up where car owners are already searching. With 116 reviews, I think we could significantly grow your client base. Worth a quick 10-minute call?",,new,
Auto Detailing,Surge Auto Detailing,(604) 322-1414,,266 E 58th Ave,Vancouver,BC,,"Monday, Open 24 hours, Copy open hours",80,5.0,https://www.google.com/maps/place/Surge+Auto+Detailing/data=!4m7!3m6!1s0x5486751b73ec1b91:0x7c17533a01a74bf0!8m2!3d49.2173863!4d-123.1003377!16s%2Fg%2F11w9hwxt4n!19sChIJkRvscxt1hlQR8EunATpTF3w?authuser=0&hl=en&rclk=1,https://linktr.ee/surgeautodetailing,,,Google Maps,2026-03-03,10,"Hi Surge Auto Detailing, I help auto detailing businesses in Vancouver get more consistent bookings by showing up where car owners are already searching. With 80 reviews, I think we could significantly grow your client base. Worth a quick 10-minute call?",,new,
Auto Detailing,DetailMaster (Mobile Auto-Lab),(604) 600-5045,,1086 W 10th Ave #3,Vancouver,BC,,Open 24 hours · See more hours,238,4.9,https://www.google.com/maps/place/DetailMaster+%28Mobile+Auto-Lab%29/data=!4m7!3m6!1s0x548673523ddf96bb:0xe62efb4bb43ec236!8m2!3d49.262201!4d-123.1286225!16s%2Fg%2F11k1g7qqjv!19sChIJu5bfPVJzhlQRNsI-tEv7LuY?authuser=0&hl=en&rclk=1,http://www.detailmaster.ca/,,,Google Maps,2026-03-03,10,"Hi DetailMaster (Mobile Auto-Lab), I help auto detailing businesses in Vancouver get more consistent bookings by showing up where car owners are already searching. With 238 reviews, I think we could significantly grow your client base. Worth a quick 10-minute call?",,new,
Auto Detailing,Unique Detailing,(604) 780-7008,,930 SW Marine Dr unit 50,Vancouver,BC,,"Monday, 9 a.m. to 5 p.m., Copy open hours",284,4.9,https://www.google.com/maps/place/Unique+Detailing/data=!4m7!3m6!1s0x54860ab2e768ecad:0xbdd70a9a32664887!8m2!3d49.2054426!4d-123.1277968!16s%2Fg%2F1txfnvcd!19sChIJrexo57IKhlQRh0hmMpoK170?authuser=0&hl=en&rclk=1,http://www.uniquedetailing.ca/?utm_campaign=gmb,,,Google Maps,2026-03-03,10,"Hi Unique Detailing, I help auto detailing businesses in Vancouver get more consistent bookings by showing up where car owners are already searching. With 284 reviews, I think we could significantly grow your client base. Worth a quick 10-minute call?",,new,
detailing,West End Detail Centre,(780) 483-4534,,17840 100a Ave NW,Edmonton,AB,,,23,4.7,https://www.google.com/maps/place/West+End+Detail+Centre/data=!4m7!3m6!1s0x53a020e518c6205d:0x88e76b856f6513f8!8m2!3d53.5396434!4d-113.6290136!16s%2Fg%2F1tkshgr2!19sChIJXSDGGOUgoFMR-BNlb4Vr54g?authuser=0&hl=en&rclk=1,,,,Google Maps,2026-03-03,10,"Hi West End Detail Centre, I help auto detailing businesses in edmonton get more consistent bookings by showing up where car owners are already searching. With 23 reviews, I think we could significantly grow your client base. Worth a quick 10-minute call?",,new,
Auto Detailing,Pitstop Car Detailing,(236) 243-8514,,,Vancouver,British Columbia,,"Monday, Open 24 hours, Copy open hours",48,4.6,https://www.google.com/maps/place/Pitstop+Car+Detailing/data=!4m7!3m6!1s0x2fbf299a1d8f8e29:0xa9d64e883653f818!8m2!3d49.1689089!4d-122.9518484!16s%2Fg%2F11m6cklb_2!19sChIJKY6PHZopvy8RGPhTNohO1qk?authuser=0&hl=en&rclk=1,http://pitstopsdetailing.com/,,,Google Maps,2026-03-03,10,"Hi Pitstop Car Detailing, I help auto detailing businesses in Vancouver get more consistent bookings by showing up where car owners are already searching. With 48 reviews, I think we could significantly grow your client base. Worth a quick 10-minute call?",,new,
Auto Detailing,Kingsway Auto Detailing,(604) 872-1434,,290 E 5th Ave,Vancouver,BC,,"Monday, 9:30 a.m. to 6 p.m., Copy open hours",301,4.9,https://www.google.com/maps/place/Kingsway+Auto+Detailing/data=!4m7!3m6!1s0x5486715fcb1cb39d:0xe9777d083dfd1ad3!8m2!3d49.266294!4d-123.099071!16s%2Fg%2F1td5ftdk!19sChIJnbMcy19xhlQR0xr9PQh9d-k?authuser=0&hl=en&rclk=1,http://www.kingswayautodetailing.com/,,,Google Maps,2026-03-03,10,"Hi Kingsway Auto Detailing, I help auto detailing businesses in Vancouver get more consistent bookings by showing up where car owners are already searching. With 301 reviews, I think we could significantly grow your client base. Worth a quick 10-minute call?",,new,
Auto Detailing,Tiago's Auto Spa,(604) 568-3110,,55 E 5th Ave,Vancouver,BC,,"Monday, 9 a.m. to 6 p.m., Copy open hours",305,4.8,https://www.google.com/maps/place/Tiago%27s+Auto+Spa/data=!4m7!3m6!1s0x5486716001533c83:0xcd7ecd3d75f94a3c!8m2!3d49.2665722!4d-123.1036302!16s%2Fg%2F1tjmdbw6!19sChIJgzxTAWBxhlQRPEr5dT3Nfs0?authuser=0&hl=en&rclk=1,https://tiagosautospa.com/?utm_source=gmb-listing&utm_medium=organic&utm_campaign=gmb_profile,,,Google Maps,2026-03-03,10,"Hi Tiago's Auto Spa, I help auto detailing businesses in Vancouver get more consistent bookings by showing up where car owners are already searching. With 305 reviews, I think we could significantly grow your client base. Worth a quick 10-minute call?",,new,
Auto Detailing,Pearls Auto Spa Ltd,(604) 683-2886,,336 W 7th Ave,Vancouver,BC,,"Monday, 9 a.m. to 6 p.m., Copy open hours",202,4.7,https://www.google.com/maps/place/Pearls+Auto+Spa+Ltd/data=!4m7!3m6!1s0x548673c84876d82b:0xca2cba04e45ec70!8m2!3d49.2645394!4d-123.1120026!16s%2Fg%2F1vq74k02!19sChIJK9h2SMhzhlQRcOxFTqDLogw?authuser=0&hl=en&rclk=1,https://pearlsautospa.com/?utm_source=google&utm_medium=organic&utm_campaign=gbp,,,Google Maps,2026-03-03,10,"Hi Pearls Auto Spa Ltd, I help auto detailing businesses in Vancouver get more consistent bookings by showing up where car owners are already searching. With 202 reviews, I think we could significantly grow your client base. Worth a quick 10-minute call?",,new,
Auto Detailing,Expert Car Detailing,(604) 332-2056,,1037 W 11th Ave,Vancouver,BC,,"Monday, 7 a.m. to 10 p.m., Copy open hours",56,4.7,https://www.google.com/maps/place/Expert+Car+Detailing/data=!4m7!3m6!1s0x54867373fc1f5f65:0x38ed2b17ce3715d9!8m2!3d49.2618126!4d-123.1275704!16s%2Fg%2F11shtklhwk!19sChIJZV8f_HNzhlQR2RU3zhcr7Tg?authuser=0&hl=en&rclk=1,https://www.cardetailingvancouverbc.com/,,,Google Maps,2026-03-03,10,"Hi Expert Car Detailing, I help auto detailing businesses in Vancouver get more consistent bookings by showing up where car owners are already searching. With 56 reviews, I think we could significantly grow your client base. Worth a quick 10-minute call?",,new,
Restaurants,Barrel No.612 Grill + Bar,(403) 452-5790,,612 5 St SE,Calgary,AB,T2G 1S3,"Tuesday, 12 to 10 p.m., Copy open hours",89,4.6,https://www.google.com/maps/place/Barrel+No.612+Grill+%2B+Bar/data=!4m7!3m6!1s0x53717b0286e202f5:0xab08c1652cb70698!8m2!3d51.0468356!4d-114.0504509!16s%2Fg%2F11ww18f3xv!19sChIJ9QLihgJ7cVMRmAa3LGXBCKs?authuser=0&hl=en&rclk=1,,,,Google Maps,2026-03-03,6,"Hi Barrel No.612 Grill + Bar, I noticed your restaurant has 89 reviews on Google. I specialize in helping local restaurants in calgary increase their online visibility and turn online searches into full tables. Would you be open to a quick 10-minute call to see if we can help bring in more diners?",,new,
detailing,Blue Sky Car Wash,(780) 760-2583,,16815 Stony Plain Rd,Edmonton,AB,,"Monday, 7 a.m. to 10 p.m., Copy open hours",164,4.2,https://www.google.com/maps/place/Blue+Sky+Car+Wash/data=!4m7!3m6!1s0x53a02102d2180355:0x99387a0e3f38955!8m2!3d53.5408126!4d-113.6118295!16s%2Fg%2F1tfql1t6!19sChIJVQMY0gIhoFMRVYnz46CHkwk?authuser=0&hl=en&rclk=1,,,,Google Maps,2026-03-03,6,"Hi Blue Sky Car Wash, I help auto detailing businesses in edmonton get more consistent bookings by showing up where car owners are already searching. With 164 reviews, I think we could significantly grow your client base. Worth a quick 10-minute call?",,new,
